[
  {
    "page": 1,
    "content": "KUSF 체육특기자 경기기록 관리시스템\n개발 제안요청서",
    "metadata": {
      "page": 1,
      "global_page": 1,
      "source_pdf": "(사）한국대학스포츠협의회_KUSF 체육특기자 경기기록 관리시스템 개발.pdf"
    }
  },
  {
    "page": 2,
    "content": "# 【 목 차 】 · · · · · · · · · · · · · · · · · · · · 3\nⅠ . 사업 개요 · · · · · · · · · · · · · · · · · · · ·\n· · · · · · · · · · · · · · · · · · · ·\n· · · · · · · · · · · · · · · · · · · ·\n· · · · · · · · · · · · · · · · · · · · 3\n· · · · · · · · · · · · · · · · · · · ·\n1. 사업 개요 · · · · · · · · · · · · · · · · · · · ·\n· · · · · · · · · · · · · · · · · · ·\n· · · · · · · · · · · · · · · · 3\n2. 추진배경 및 필요성 · · · · · · · · · · · · · · · ·\n· · · · · · · · · · · · · · ·\n· · · · · · · · · · · · · · ·\n· · · · · · · · · · · · · · · · · · · · 4\n3. 사업 범위 · · · · · · · · · · · · · · · · · · · · ·\n· · · · · · · · · · · · · · · · · · ·\n· · · · · · · · · · · · · · · · · · ·\n4. 기대효과 · · · · · · · · · · · · · · · · · · · · · · 4\n· · · · · · · · · · · · · · · · · · · · · ·\n· · · · · · · · · · · · · · · · · · · · · ·\n· · · · · · · · · · · · · · · · · · · · ·\nⅡ . 주요 현황 · · · · · · · · · · · · · · · · · · · · · 5\n· · · · · · · · · · · · · · · · · · · ·\n· · · · · · · · · · · · · · · · · · · ·\n· · · · · · · · · · · · · · · · · · ·\n1. KUSF 현황 · · · · · · · · · · · · · · · · · · · · · · 5\n· · · · · · · · · · · · · · · · · · · · ·\n· · · · · · · · · · · · · · · · · · · ·\n· · · · · · · · · · · · · · · · · · · · ·\n2. 체육특기자 경기력 평가지표 개발 결과 · · · · · · · · 7\n· · · · · · · ·\n· · · · · · ·\n· · · · · · ·\n· · · · · · · · · · · · · · · · · 10\n· · · · · · · · · · · · · · · · ·\nⅢ . 사업 추진 계획 · · · · · · · · · · · · · · · · · ·\n· · · · · · · · · · · · · · · ·\n· · · · · · · · · · · · · · · · · · · · 10\n1. 추진내용 · · · · · · · · · · · · · · · · · · · ·\n· · · · · · · · · · · · · · · · · · · ·\n· · · · · · · · · · · · · · · · · · ·\n2. 추진 체계 · · · · · · · · · · · · · · · · · · · · 11\n· · · · · · · · · · · · · · · · · · ·\n· · · · · · · · · · · · · · · · · · ·\n· · · · · · · · · · · · · · · · · · ·\n· · · · · · · · · · · · · · · · · 11\n· · · · · · · · · · · · · · · · ·\n3. 사업 추진 일정 · · · · · · · · · · · · · · · · ·\n· · · · · · · · · · · · · · · · ·\n· · · · · · · · · · · · · · · · · · · 12\n· · · · · · · · · · · · · · · · · · · ·\n4. 추진 방법 · · · · · · · · · · · · · · · · · · ·\n· · · · · · · · · · · · · · · · · · ·\n· · · · · · · · · · · · · · · · · 12\n· · · · · · · · · · · · · · ·\n· · · · · · · · · · · · · · · ·\n5. 사업 결과 산출물 · · · · · · · · · · · · · · · ·\nⅣ . 제안서 요청 내용 · · · · · · · · · · · · · · · · · 14\n· · · · · · · · · · · · · · · ·\n· · · · · · · · · · · · · · · ·\n· · · · · · · · · · · · · · ·\n1. 제안요청 기본사항 · · · · · · · · · · · · · · · · 14\n· · · · · · · · · · · · · · · ·\n· · · · · · · · · · · · · · ·\n· · · · · · · · · · · · · · ·\n· · · · · · · · · · · · · · · · · · 14\n· · · · · · · · · · · · · · · · ·\n· · · · · · · · · · · · · · · · ·\n2. 제안요청 내용 · · · · · · · · · · · · · · · · · ·\nⅤ . 제안서 작성 안내 · · · · · · · · · · · · · · · · · 51\n· · · · · · · · · · · · · · · ·\n· · · · · · · · · · · · · · ·\n· · · · · · · · · · · · · · · ·\n1. 제안서의 효력 · · · · · · · · · · · · · · · · · · 51\n· · · · · · · · · · · · · · · · · ·\n· · · · · · · · · · · · · · · · ·\n· · · · · · · · · · · · · · · · ·\n2. 제안서 작성 지침 ( 권고사항 ) ··············································· 51\n· · · · · · · · · · · · · · · · 52\n3. 제안서 작성 목차 · · · · · · · · · · · · · · · · ·\n· · · · · · · · · · · · · · ·\n· · · · · · · · · · · · · · · ·\n4. 안내 사항 · · · · · · · · · · · · · · · · · · · · 55\n· · · · · · · · · · · · · · · · · · ·\n· · · · · · · · · · · · · · · · · · ·\n· · · · · · · · · · · · · · · · · · ·\n5. 용역사업 보안 사항 관련 · · · · · · · · · · · · · · 61\n· · · · · · · · · · · ·\n· · · · · · · · · · · · ·\n· · · · · · · · · · · ·\n· · · · · · · · · · · · · · 64\n· · · · · · · · · · · · ·\n· · · · · · · · · · · · ·\n* [ 붙임 ] 입찰 및 제안 관련 서식 · · · · · · · · · · · · · - 2 -",
    "metadata": {
      "page": 2,
      "global_page": 2,
      "source_pdf": "(사）한국대학스포츠협의회_KUSF 체육특기자 경기기록 관리시스템 개발.pdf"
    }
  },
  {
    "page": 3,
    "content": "# I 사업 개요 # 1. 사업 개요 ㅇ 과 업 명 : KUSF 체육특기자 경기기록 관리시스템 개발 - ㅇ 소요예산 : 1 억 5 천만 원 ( 부가가치세 포함 )\n- ㅇ 사업기간 : 계약체결 후 2024 년 12 월 31 일까지\n- ㅇ 사업주관 : 한국대학스포츠협의회 ( 이하 “KUSF”)\n- ㅇ 사업내용 : KUSF 체육특기자 경기기록 관리시스템 신규 개발\n # 2. 추진배경 및 필요성 ㅇ ( 추진배경 ) 현행 대입 체육특기자 선발에 경기실적으로만 당락을 결정하는\n문제 해결을 위한 가이드라인 및 권고 발표 【 체육특기자 진학 ( 대학입시 ) 에 대한 권고 】 (2019. 6. 4.) ㅇ 문화체육관광부장관은 교육부장관과 협의하여 한국대학교육협의회와 한국대학스포츠협의회로 하여금 체육특기자의\n대학입시전형의 종목별 경기력 평가에 관한 객관적 지표를 개발 · 활용할 수 있도록 예산을 지원한다 . - - 체육특기자 경기력을 평가할 수 있는 지표를 개발하여 , 학생선수 개인별\n- 경기력을 판단할 수 있는 지표 제공 추진\n- - 체육특기자의 경기력 평가지표 개발 연구를 통한 농구 , 배구 , 야구 , 축구 종목\n- ‘KUSF 체육특기자 경기력 평가지표 ’ 개발 완료 (2023 년 )\n ![image](/image/placeholder)\n~ ~ ~ ~\n   - 3 -",
    "metadata": {
      "page": 3,
      "global_page": 3,
      "source_pdf": "(사）한국대학스포츠협의회_KUSF 체육특기자 경기기록 관리시스템 개발.pdf"
    }
  },
  {
    "page": 4,
    "content": "ㅇ ( 필요성 ) 체육특기자 경기력 평가지표 산출하고 , 경기력 평가지표 산출을 위한\n종목별 특성에 맞는 경기기록을 수집하기 위해 신규 시스템을 개발하여\n운영하고자 함 # 3. 사업 범위 ㅇ 신규 개발 대상 :‘KUSF 체육특기자 경기기록 관리시스템 ’ ㅇ 체육 특기자 경기력 평가지표 관련 대회경기기록 입력 페이지 개발 - 대상종목 : 농구 , 배구 , 야구 , 축구 중 농구를 선별적으로 우선함 - 대상종목 대회경기기록 및 사용자 ( 학생선수 , 대학 , 종목단체 ) 확장 가능성을\n고려하여 신규 시스템 개발 - ㅇ 서비스 개인정보 관련 데이터 관리를 통한 정보보안 지원\n- ㅇ 서비스 인프라 환경 관리 , 오류 모니터링 및 수정 , 시스템 운영 기술지원\n # 4. 기대 효과 - ㅇ 체육특기자 대입 선발 관련 객관적인 지표를 제공하여 , 입시 공정성 확보\n- ㅇ 체육특기자 대입제도에 경기력을 평가할 수 있는 자료 제공\n- ㅇ 학생선수 개인별 경기력을 판단할 수 있는 신뢰성 있는 정보 제공\n - 4 -",
    "metadata": {
      "page": 4,
      "global_page": 4,
      "source_pdf": "(사）한국대학스포츠협의회_KUSF 체육특기자 경기기록 관리시스템 개발.pdf"
    }
  },
  {
    "page": 5,
    "content": "# II 주요 현황 # 1. KUSF 현황 # ㅇ 설립 배경 및 목적 - - 대학운동부를 운영하는 대학의 협의체로서 대학스포츠의 현안에 대한 자율적인\n- 협의 · 연구 · 조정을 통해 대학스포츠의 건전한 육성을 도모하고자 설립 (2010 년 )\n- - 대학스포츠 방침 심의 · 결정 및 규정 집행 · 감독\n- - 대학스포츠 제도 개선 · 권익 증진 및 연구 · 협의 등\n- - 대학 학생선수 학습권 보장 및 경기력 향상을 위한 연구 지원·\n- - 대학 학생선수 대학스포츠 활동 지원을 통한 지 · 덕 · 체의 건전한 리더십 함양\n- 및 전인적 스포츠 인재 양성\n # ㅇ 사업 영역 |  | ㅇ ㅇ ㅇ ㅇ |\n| --- | --- |\n|  | ㅇ ㅇ ㅇ ㅇ |\n|  | ㅇ ㅇ ㅇ ㅇ |\n|  | ㅇ ㅇ ㅇ |\n|  | ㅇ ㅇ ㅇ |\n|  | ㅇ ㅇ |\n - 5 -",
    "metadata": {
      "page": 5,
      "global_page": 5,
      "source_pdf": "(사）한국대학스포츠협의회_KUSF 체육특기자 경기기록 관리시스템 개발.pdf"
    }
  },
  {
    "page": 6,
    "content": "# ㅇ KUSF 회원 현황 - 전국 136 개 대학교 (2024. 8. 현재 기준 ) - KUSF 회원대학 명단 (2024. 8. 현재 기준 ) - 6 -",
    "metadata": {
      "page": 6,
      "global_page": 6,
      "source_pdf": "(사）한국대학스포츠협의회_KUSF 체육특기자 경기기록 관리시스템 개발.pdf"
    }
  },
  {
    "page": 7,
    "content": "# 2. 체육특기자 경기력 평가지표 개발 결과 # ㅇ 체육특기자 경기력 평가지표 개념 - 체육특기자 경기력 평가지표는 단체종목에서 경기 수행 중 발현되는 개인의\n기술 결과들을 종합하여 개인의 종합적인 경기력을 나타낼 수 있는 개인\n경기력 평가지표임 # ㅇ 체육특기자 경기력 평가지표 개발 목적과 필요성 - 체육특기자 대입 공정성과 체육특기자 특별전형의 취지를 살리기 위해\n체육특기자 개개인의 경기력을 객관적으로 평가할 수 있어야 하며 , 대학이\n체육특기자 선발에 활용할 수 있는 개인 경기력 평가지표 개발이 필요함 - \n # ㅇ 체육특기자 경기력 평가지표 개발 현황 | ⟨ |\n| --- |\n| ![image](/image/placeholder)\n   |\n - 7 -",
    "metadata": {
      "page": 7,
      "global_page": 7,
      "source_pdf": "(사）한국대학스포츠협의회_KUSF 체육특기자 경기기록 관리시스템 개발.pdf"
    }
  },
  {
    "page": 8,
    "content": "# ㅇ 체육특기자 경기력 평가지표 개요 - KUSF 체육특기자 경기력 평가지표는 대학입시 활용을 위하여 개발되었으며 ,\n입시의 점수 환산 시 이해와 적용의 편의를 위해 대학수학능력시험의 구조와\n동일한 구조를 취하여 개발되었음 # 1) 경기력 평가지표의 구성 요소 - 경기력 평가지표는 산출변수 , 합성지표 , 경기력의 3 단계 위계로 구성됨 - 경기력 산출 시의 합성지표 가중치는 각 대학에서 선발 목적에 부합되도록\n자율적으로 부여함 ![image](/image/placeholder)\n - 8 -",
    "metadata": {
      "page": 8,
      "global_page": 8,
      "source_pdf": "(사）한국대학스포츠협의회_KUSF 체육특기자 경기기록 관리시스템 개발.pdf"
    }
  },
  {
    "page": 9,
    "content": "# 2) 경기력 평가지표 자료 제공 - - 경기력 평가지표는 학년별 , 대회별 합성지표를 제공함을 원칙으로 함\n- - 합성지표는 백분위 , 변환점수 (50±10) 를 제공함\n # 3) 경기력 환산법 - - 제공되는 합성지표에 각 대학의 목표에 근거한 가중치를 부여하여 합산함으로\n- 개인별 경기력을 환산함\n- - 합성지표별 가중치는 대학의 자율적 판단에 따름\n ㅇ 종목별 체육특기자 경기력 평가지표 개발 결과 - 9 -",
    "metadata": {
      "page": 9,
      "global_page": 9,
      "source_pdf": "(사）한국대학스포츠협의회_KUSF 체육특기자 경기기록 관리시스템 개발.pdf"
    }
  },
  {
    "page": 10,
    "content": "# Ⅲ 사업 추진계획 # 1. 추진내용 # ㅇ 시스템 공통 사항 - - 시스템 사용자 인터페이스는 직관적이고 최신 경향에 맞춘 디자인으로 제작\n- - 한국대학스포츠협의회 기관 소개 · 회원대학 · 주요 사업 소개 페이지 생성\n- - 검증된 관리자의 가입 및 접속 방안 제시 및 ID, PW 생성 · 찾기 기능 구현\n- - 기관 및 대학 등 ID 생성 후 개인이 회원가입 시 검증된 개인 회원가입 방안\n- 제시\n- - 동일한 데이터를 반복적으로 입력하는 것을 최소화하기 위한 시스템 간 연동\n- 방안 및 자동입력 기능 구축\n- - 시스템 회원가입 시 정보공개범위 및 개인정보활용 등 안내\n- - ( 향후 ) 체육특기자 경기기록 관리시스템의 기능 확장을 고려한 시스템 설계\n # ㅇ 체육특기자 경기기록 관리시스템 내 DB 관리 시스템 구현 - - 체육특기자 경기기록 관련 DB 통합 관리 및 통계 · 분석 기능 구축\n- - 내부 이용자 (KUSF) 가 시스템을 통해 대 · 내외 업무 활용을 위해 필요한\n- 체육특기자 경기기록 관련 자료를 분석·관리하는 시스템 구현\n- - 분석된 데이터는 MS 오피스로 저장되어 보고서로 작성할 수 있어야 함\n # ㅇ 체육특기자 경기기록 관리시스템 운영을 위한 인프라 환경 구축 - 체육특기자 경기기록 관리시스템 운영을 위한 서비스 운영 및 관리 # ㅇ 체육특기자 경기기록 관리시스템 사용 및 활용 매뉴얼 제작 - 업무 사용자 및 시스템 관리자별 활용 매뉴얼 별도 제작 ㅇ 체육특기자 경기기록 관리시스템 개발에 따른 온라인홍보물 제작 # - 온라인 배포용 시스템 로고 , 배너 등 제작 - 10 -",
    "metadata": {
      "page": 10,
      "global_page": 10,
      "source_pdf": "(사）한국대학스포츠협의회_KUSF 체육특기자 경기기록 관리시스템 개발.pdf"
    }
  },
  {
    "page": 11,
    "content": "# 2. 추진 체계 - ㅇ 총괄기관 : 한국대학스포츠협의회\n- ㅇ 추진 조직구성\n # ㅇ 추진 조직 구성별 역할 | 구분 | 구성 | 역할 |\n| --- | --- | --- |\n|  |  |  |\n 3. 사업 추진 일정 ㅇ 사업 추진 일정 - 11 -",
    "metadata": {
      "page": 11,
      "global_page": 11,
      "source_pdf": "(사）한국대학스포츠협의회_KUSF 체육특기자 경기기록 관리시스템 개발.pdf"
    }
  },
  {
    "page": 12,
    "content": "4. 추진 방법 5. 사업 결과 산출물 - 12 -",
    "metadata": {
      "page": 12,
      "global_page": 12,
      "source_pdf": "(사）한국대학스포츠협의회_KUSF 체육특기자 경기기록 관리시스템 개발.pdf"
    }
  },
  {
    "page": 13,
    "content": "# ※ 시스템 구성도 안( ) ![image](/image/placeholder)\n - 13 -",
    "metadata": {
      "page": 13,
      "global_page": 13,
      "source_pdf": "(사）한국대학스포츠협의회_KUSF 체육특기자 경기기록 관리시스템 개발.pdf"
    }
  },
  {
    "page": 14,
    "content": "# Ⅳ 제안요청 내용 # 1. 제안요청 기본사항 - ㅇ 안정된 서비스를 위해 필요한 테스트를 적극적으로 실시해야 함\n- ㅇ 제안사는 사업기간 내에 사업 완료를 위한 세부업무별 일정 계획 제시 필수\n- ㅇ 사업수행 인력은 본 사업수행 시 즉시 투입 가능한 인력으로 제안해야 함\n- ㅇ 적용 기술은 업무 요구사항 변화를 만족할 수 있도록 확장 / 유연성 필요\n- ㅇ 최신 기술을 적용하고 운영 시 성능과 기능이 검증된 시스템이어야 함\n- ㅇ 제안 요청 내용은 주요 사항이며 , 업무 협의를 통해 조정될 수 있음\n- ㅇ 사용자 및 관리자 사용 ( 운영 ) 편리성을 확보해야 함\n 2. 제안요청 내용 가 . 요구사항 개요 - 14 -",
    "metadata": {
      "page": 14,
      "global_page": 14,
      "source_pdf": "(사）한국대학스포츠협의회_KUSF 체육특기자 경기기록 관리시스템 개발.pdf"
    }
  },
  {
    "page": 15,
    "content": "- \n # 나 . 요구사항 상세 1) 기능 요구사항 (System Function Requirement) - 15 -",
    "metadata": {
      "page": 15,
      "global_page": 15,
      "source_pdf": "(사）한국대학스포츠협의회_KUSF 체육특기자 경기기록 관리시스템 개발.pdf"
    }
  },
  {
    "page": 16,
    "content": "| 요구사항 고유번호 | 요구사항 고유번호 | SFR-004 |\n| --- | --- | --- |\n|  |  |  |\n - 16 -",
    "metadata": {
      "page": 16,
      "global_page": 16,
      "source_pdf": "(사）한국대학스포츠협의회_KUSF 체육특기자 경기기록 관리시스템 개발.pdf"
    }
  },
  {
    "page": 17,
    "content": "- 17 -",
    "metadata": {
      "page": 17,
      "global_page": 17,
      "source_pdf": "(사）한국대학스포츠협의회_KUSF 체육특기자 경기기록 관리시스템 개발.pdf"
    }
  },
  {
    "page": 18,
    "content": "- 18 -",
    "metadata": {
      "page": 18,
      "global_page": 18,
      "source_pdf": "(사）한국대학스포츠협의회_KUSF 체육특기자 경기기록 관리시스템 개발.pdf"
    }
  },
  {
    "page": 19,
    "content": "- 19 -",
    "metadata": {
      "page": 19,
      "global_page": 19,
      "source_pdf": "(사）한국대학스포츠협의회_KUSF 체육특기자 경기기록 관리시스템 개발.pdf"
    }
  },
  {
    "page": 20,
    "content": "- 20 -",
    "metadata": {
      "page": 20,
      "global_page": 20,
      "source_pdf": "(사）한국대학스포츠협의회_KUSF 체육특기자 경기기록 관리시스템 개발.pdf"
    }
  },
  {
    "page": 21,
    "content": "- 21 -",
    "metadata": {
      "page": 21,
      "global_page": 21,
      "source_pdf": "(사）한국대학스포츠협의회_KUSF 체육특기자 경기기록 관리시스템 개발.pdf"
    }
  },
  {
    "page": 22,
    "content": "- 22 -",
    "metadata": {
      "page": 22,
      "global_page": 22,
      "source_pdf": "(사）한국대학스포츠협의회_KUSF 체육특기자 경기기록 관리시스템 개발.pdf"
    }
  },
  {
    "page": 23,
    "content": "# 2) 시스템 장비구성 요구사항 (Equipment Composition Requirement) - 23 -",
    "metadata": {
      "page": 23,
      "global_page": 23,
      "source_pdf": "(사）한국대학스포츠협의회_KUSF 체육특기자 경기기록 관리시스템 개발.pdf"
    }
  },
  {
    "page": 24,
    "content": "- 24 -",
    "metadata": {
      "page": 24,
      "global_page": 24,
      "source_pdf": "(사）한국대학스포츠협의회_KUSF 체육특기자 경기기록 관리시스템 개발.pdf"
    }
  },
  {
    "page": 25,
    "content": "- 25 -",
    "metadata": {
      "page": 25,
      "global_page": 25,
      "source_pdf": "(사）한국대학스포츠협의회_KUSF 체육특기자 경기기록 관리시스템 개발.pdf"
    }
  },
  {
    "page": 26,
    "content": "- 26 -",
    "metadata": {
      "page": 26,
      "global_page": 26,
      "source_pdf": "(사）한국대학스포츠협의회_KUSF 체육특기자 경기기록 관리시스템 개발.pdf"
    }
  },
  {
    "page": 27,
    "content": "- 27 -",
    "metadata": {
      "page": 27,
      "global_page": 27,
      "source_pdf": "(사）한국대학스포츠협의회_KUSF 체육특기자 경기기록 관리시스템 개발.pdf"
    }
  },
  {
    "page": 28,
    "content": "3) 성능요구사항 (Performance Requirement) - 28 -",
    "metadata": {
      "page": 28,
      "global_page": 28,
      "source_pdf": "(사）한국대학스포츠협의회_KUSF 체육특기자 경기기록 관리시스템 개발.pdf"
    }
  },
  {
    "page": 29,
    "content": "4) 인터페이스 요구사항 (System Interface Requirement) 데이터 요구사항 Data Requirement) - 29 -",
    "metadata": {
      "page": 29,
      "global_page": 29,
      "source_pdf": "(사）한국대학스포츠협의회_KUSF 체육특기자 경기기록 관리시스템 개발.pdf"
    }
  },
  {
    "page": 30,
    "content": "- 30 -",
    "metadata": {
      "page": 30,
      "global_page": 30,
      "source_pdf": "(사）한국대학스포츠협의회_KUSF 체육특기자 경기기록 관리시스템 개발.pdf"
    }
  },
  {
    "page": 31,
    "content": "- 31 -",
    "metadata": {
      "page": 31,
      "global_page": 31,
      "source_pdf": "(사）한국대학스포츠협의회_KUSF 체육특기자 경기기록 관리시스템 개발.pdf"
    }
  },
  {
    "page": 32,
    "content": "- 32 -",
    "metadata": {
      "page": 32,
      "global_page": 32,
      "source_pdf": "(사）한국대학스포츠협의회_KUSF 체육특기자 경기기록 관리시스템 개발.pdf"
    }
  },
  {
    "page": 33,
    "content": "테스트 요구사항(Test Requirement) - 33 -",
    "metadata": {
      "page": 33,
      "global_page": 33,
      "source_pdf": "(사）한국대학스포츠협의회_KUSF 체육특기자 경기기록 관리시스템 개발.pdf"
    }
  },
  {
    "page": 34,
    "content": "|  |  |\n| --- | --- |\n|  |  |\n - 34 -",
    "metadata": {
      "page": 34,
      "global_page": 34,
      "source_pdf": "(사）한국대학스포츠협의회_KUSF 체육특기자 경기기록 관리시스템 개발.pdf"
    }
  },
  {
    "page": 35,
    "content": "- 35 -",
    "metadata": {
      "page": 35,
      "global_page": 35,
      "source_pdf": "(사）한국대학스포츠협의회_KUSF 체육특기자 경기기록 관리시스템 개발.pdf"
    }
  },
  {
    "page": 36,
    "content": "# 보안 요구사항(Security Requirement) |  |\n| --- |\n| SER-001 |\n |  |\n| --- |\n| SER-002 |\n - 36 -",
    "metadata": {
      "page": 36,
      "global_page": 36,
      "source_pdf": "(사）한국대학스포츠협의회_KUSF 체육특기자 경기기록 관리시스템 개발.pdf"
    }
  },
  {
    "page": 37,
    "content": "- 37 -",
    "metadata": {
      "page": 37,
      "global_page": 37,
      "source_pdf": "(사）한국대학스포츠협의회_KUSF 체육특기자 경기기록 관리시스템 개발.pdf"
    }
  },
  {
    "page": 38,
    "content": "품질 요구사항(Quality Requirement) - 38 -",
    "metadata": {
      "page": 38,
      "global_page": 38,
      "source_pdf": "(사）한국대학스포츠협의회_KUSF 체육특기자 경기기록 관리시스템 개발.pdf"
    }
  },
  {
    "page": 39,
    "content": "- 39 -",
    "metadata": {
      "page": 39,
      "global_page": 39,
      "source_pdf": "(사）한국대학스포츠협의회_KUSF 체육특기자 경기기록 관리시스템 개발.pdf"
    }
  },
  {
    "page": 40,
    "content": "제약사항(Constraint Requirement) - 40 -",
    "metadata": {
      "page": 40,
      "global_page": 40,
      "source_pdf": "(사）한국대학스포츠협의회_KUSF 체육특기자 경기기록 관리시스템 개발.pdf"
    }
  },
  {
    "page": 41,
    "content": "- 41 -",
    "metadata": {
      "page": 41,
      "global_page": 41,
      "source_pdf": "(사）한국대학스포츠협의회_KUSF 체육특기자 경기기록 관리시스템 개발.pdf"
    }
  },
  {
    "page": 42,
    "content": "프로젝트 관리 요구사항(Project Management Requirement) - 42 -",
    "metadata": {
      "page": 42,
      "global_page": 42,
      "source_pdf": "(사）한국대학스포츠협의회_KUSF 체육특기자 경기기록 관리시스템 개발.pdf"
    }
  },
  {
    "page": 43,
    "content": "|  |  |\n| --- | --- |\n|  | 󰡔 󰡕 |\n - 43 -",
    "metadata": {
      "page": 43,
      "global_page": 43,
      "source_pdf": "(사）한국대학스포츠협의회_KUSF 체육특기자 경기기록 관리시스템 개발.pdf"
    }
  },
  {
    "page": 44,
    "content": "- 44 -",
    "metadata": {
      "page": 44,
      "global_page": 44,
      "source_pdf": "(사）한국대학스포츠협의회_KUSF 체육특기자 경기기록 관리시스템 개발.pdf"
    }
  },
  {
    "page": 45,
    "content": "- 45 -",
    "metadata": {
      "page": 45,
      "global_page": 45,
      "source_pdf": "(사）한국대학스포츠협의회_KUSF 체육특기자 경기기록 관리시스템 개발.pdf"
    }
  },
  {
    "page": 46,
    "content": "프로젝트 지원 요구사항(Project Support Requirement) - 46 -",
    "metadata": {
      "page": 46,
      "global_page": 46,
      "source_pdf": "(사）한국대학스포츠협의회_KUSF 체육특기자 경기기록 관리시스템 개발.pdf"
    }
  },
  {
    "page": 47,
    "content": "- 47 -",
    "metadata": {
      "page": 47,
      "global_page": 47,
      "source_pdf": "(사）한국대학스포츠협의회_KUSF 체육특기자 경기기록 관리시스템 개발.pdf"
    }
  },
  {
    "page": 48,
    "content": "- 48 -",
    "metadata": {
      "page": 48,
      "global_page": 48,
      "source_pdf": "(사）한국대학스포츠협의회_KUSF 체육특기자 경기기록 관리시스템 개발.pdf"
    }
  },
  {
    "page": 49,
    "content": "- 49 -",
    "metadata": {
      "page": 49,
      "global_page": 49,
      "source_pdf": "(사）한국대학스포츠협의회_KUSF 체육특기자 경기기록 관리시스템 개발.pdf"
    }
  },
  {
    "page": 50,
    "content": "# 다 . 특수 사항 # ㅇ 정보시스템 감리 - - 감리를 적용하는 사업인 경우 ,“ 정보시스템 감리기준 ( 행정자치부 고시 )” 의\n- 규정을 적용한다.\n- - 사업자는 본 시스템의 감리적용 시 감리결과 지적사항에 대하여 지체없이\n- 과업수행내용을 수정 및 보완하여 조치하여야 한다.\n- - 사업자는 본 사업을 추진함에 있어 각호 사항은 본 시스템의 감리적용 시\n- 감리 ( 상주 ) 의 검토의견을 받아 적용한 후 한국대학스포츠협의회에 제출하여야\n- 한다.\n- - 정기보고 ( 주 / 월간보고 등 ), 비정기보고 ( 착수 , 단계별 중간보고 , 완료보고 등 ),\n- 기타보고 ( 이슈 / 위험 보고 및 조정 등 )\n- - 사업수행계획서 , 구축계획서 , 구축결과서\n- - 통합대상 기관 요구사항 정의 및 검토결과 등 요구사항 관리 관련 산출물\n- - 일정관리 , 성과관리 , 품질관리 관련 산출물\n- - 검사 산출물 등 모든 산출물\n- - 법 ․ 제도 관련 준수 등 기타 발주기관이 요구하는 사항\n # ㅇ 제반비용 - - 본사업에서 생산된 사용자 지침서 , 운영자 가이드 등 각종 용역산출물을\n- 디지털형태로 제작 관리하는 방안을 제시하고 , 관련된 비용은 본사업에\n- 포함한다.\n- - 납품하는 장비에 대해 검사 완료까지 소요되는 제반 경비는 본사업에\n- 포함한다.\n # ㅇ 기타 조건 - 본 사업의 추진과 관련하여 제안요청서에 명시되지 않은 사항에 대해서는\n최근 고지된 관련 규정 및 고시를 준용한다. - 50 -",
    "metadata": {
      "page": 50,
      "global_page": 50,
      "source_pdf": "(사）한국대학스포츠협의회_KUSF 체육특기자 경기기록 관리시스템 개발.pdf"
    }
  },
  {
    "page": 51,
    "content": "# Ⅴ 제안서 작성 안내 # 1. 제안서의 효력 - - 제출된 제안서의 내용은 수요기관이 요청하지 않는 한 변경할 수 없으며 , 계약\n- 체결 시 계약조건의 일부로 간주\n- - 수요기관이 필요 시 입찰참가자에 대하여 추가제안이나 추가 자료를 요청할\n- 수 있으며 , 이에 따라 제출된 자료는 제안서와 동일한 효력을 가짐\n # 2. 제안서 작성 지침 ( 권고사항 ) - - 제시된 목차 및 작성 지침을 준용하여 제안서를 작성\n- - 제시된 목차 및 작성지침을 준용하여 제안서 ( 발표자료 ) 40 쪽 이내로 작성\n- - 제안서 작성 시 발표자료 내에 회사명 , 참여 인력 실명이 제안서 평가위원에게\n- 유출되지 않도록 주의\n - - 제안서의 각 페이지는 쉽게 참조할 수 있도록 페이지 하단 중앙에 일련번호를\n- 붙이되 , 각 장별로 번호를 부여함\n- - 제안서는 한글작성이 원칙 , 사용된 영문약어에 대해서는 약어표를 제공해야 함\n- - 제안서 내용을 객관적으로 입증할 수 있는 관련 자료는 제안서의 별첨으로\n- 제출하여야 함\n- - 제안서의 내용은 “ 명확한 용어를 사용하여 표현 ” 하여야 한다 . 예를 들어 ,\n- 사용가능하다 , 할 수 있다 , 고려하고 있다 등과 같이 모호한 표현은 평가 시\n- 불가능한 것으로 간주하며 , 계량화가 가능한 것은 계량화하여야 함\n- - 상기 각 항목에 대한 계획 수립을 위한 방안을 제시하고 , 상기 제안요청서에\n- 기술되지 않았어도 본사업을 추진하는데 있어 필수적이라고 판단되는 사항은\n- 제안범위에 포함\n- - 제안서의 구성 및 목차는 가능한 한 제안서 작성요령에 의해 작성하여야 하\n- 며 , 증빙과 관련된 자료는 각 절에 첨부하여야 함\n- - 작성 지침에 명시되지 않은 내용에 대한 추가적인 제안사항이 있는 경우 ,\n - 51 -",
    "metadata": {
      "page": 51,
      "global_page": 51,
      "source_pdf": "(사）한국대학스포츠협의회_KUSF 체육특기자 경기기록 관리시스템 개발.pdf"
    }
  },
  {
    "page": 52,
    "content": "해당항목에 포함 또는 별도의 항목을 추가하여 작성할 수 있으며 , 또한 작성\n지침 항목 중 해당사항이 없는 경우는 해당 항목에 \" 해당 없음 \" 으로 간략히\n기술해야 함 - - 제안내용을 보충하기 위하여 참고문헌 활용 시 참고문헌 목록을 첨부하고 ,\n- 그 출처를 정확히 알 수 있도록 표기하여야 함\n - - 제출된 제안서의 기재 내용은 실제 사실과 일치하여야 하며 , 수요기관이 요\n- 청하지 않는 한 추후에 수정할 수 없음\n - - 본 사업은 ‘ 소프트웨어사업의 제안서 보상기준 등에 관한 운영규정 ’ 에서\n- 정한 제안서 보상비는 지급하지 않음\n 3. 제안서 작성 목차 - 52 -",
    "metadata": {
      "page": 52,
      "global_page": 52,
      "source_pdf": "(사）한국대학스포츠협의회_KUSF 체육특기자 경기기록 관리시스템 개발.pdf"
    }
  },
  {
    "page": 53,
    "content": "- 53 -",
    "metadata": {
      "page": 53,
      "global_page": 53,
      "source_pdf": "(사）한국대학스포츠협의회_KUSF 체육특기자 경기기록 관리시스템 개발.pdf"
    }
  },
  {
    "page": 54,
    "content": "- 54 -",
    "metadata": {
      "page": 54,
      "global_page": 54,
      "source_pdf": "(사）한국대학스포츠협의회_KUSF 체육특기자 경기기록 관리시스템 개발.pdf"
    }
  },
  {
    "page": 55,
    "content": "# 4. 안내 사항 # 가 . 계약 조건 - - 투입인력의 근무시간은 통상적인 근무시간 (09:00 ∼ 18:00) 준수\n- - 수요기관이 자질부족 , 근무태도 불량 등의 사유로 투입인력의 교체를 원할\n- 경우 , 특별한 사유가 없는 한 상호 협의 하에 교체 투입\n- - 투입 인력 변경을 필요로 하는 경우 사전에 수요기관과 협의하여 승인을\n- 득한 후 동급 이상의 인력으로 교체하여야 함\n- - 과업 수행과 관련하여 소요장비 (S/W 포함 ) 등은 계약상대자가 준비하는 것을\n- 원칙으로 하며 사무공간 및 세부 상주조건 등은 협의하여 진행\n- - 계약상대자가 제안서에 제출한 하도급 예정계약을 제외하고도 사업수행 과정에서\n- 부득이 하도급이 필요한 경우 ( 승인받은 하도급 조건을 변경하는 경우 포함 )\n- 수요기관의 사전승인을 받아야 함\n ◦ 하도급에 관한 규정은 소프트웨어진흥법 제 51 조 ( 하도급 제한 등 ), 동법 시행\n규칙 제 14 조 ( 하도급의 승인절차 등 ), 소프트웨어사업 계약 및 관리 감독에 관한\n지침 ( 과학기술정보통신부 고시 제 2023-15 호 , 2023. 5. 15. 시행 ) 등을 준수 - - 계약상대자는 「 행정기관 및 공공기관 정보시스템 구축 ․ 운영 지침 」 ( 행정자\n- 치부 고시 ) 제 16 조에 명시된 사항에 대한 준수방안을 제시\n- - 동 고시 제 19 조에 따른 하도급 대금 지급 방안\n - ◦ 본사업의 과업변경에 의하여 하도급 대금지급 비율 변경이 발생한 경우\n- 그 사유와 변경 전 ․ 후의 사항을 “ 하도급 대금지급 비율 명세서 ” 로\n- 작성하여 승인요청을 하여야 한다 . 행정기관 및 공공기관 정보시스템 구\n- 축 운영․ 지침 ( 행정안전부고시 제 2023-27 호 , 2023.4.18.) 제 17 조\n- ◦ 기타 하도급에 관해 규정되지 않은 사항은 하도급거래 공정화에 관한 법률 및\n- 시행령 , 기획재정부 계약예규 등을 따라야 한다 .\n - 55 -",
    "metadata": {
      "page": 55,
      "global_page": 55,
      "source_pdf": "(사）한국대학스포츠협의회_KUSF 체육특기자 경기기록 관리시스템 개발.pdf"
    }
  },
  {
    "page": 56,
    "content": "# ◦ 정보시스템 소프트웨어 개발보안 가이드 준수 방안 등 - 본 제안요청서에 명시되지 아니한 사항에 대해서는 국가계약법 및 기획재정부\n계약예규를 따름 # 나 . 입찰방식 # - 기본 방침 - ◦ 객관적이고 공정한 기준과 절차를 적용하여 경쟁에 의한 우수 사업자 선정\n- ◦ 제 43 조 ( 협상에 의한 계약체결 ) 및 제 43 조의 2( 지식기반사업의 계약방법 )\n- ◦ 기획재정부 고시 제 2024-29 호 , 「 국가를 당사자로 하는 계약에 관한 법\n- 률 시행령의 한시적 특례 적용기관에 관한 고시 」 적용\n # - 입찰 참가 자격 ◦「국가종합전자조달시스템 입찰참가자격등록규정 」 에 의하여 반드시 나라장터 에\n입찰서 제출 마감일 전일까지 소프트웨어사업자(컴퓨터관련서비스사업,\n업종코드 : 1468 으로) 입찰참가자격을 등록한 자 ◦「중소기업제품 구매촉진 및 판로지원에 관한 법률 9」 조 및 같은 법 시행령\n제\n제 10 조에의한 직접생산확인증명서 ( 세부품명 : 정보시스템개발서비스,\n세부품명번호 : 8111159901)를 소지한 자 ◦ 「 중소기업기본법 」 제 조에 따른 중 소기업자 및 「 소상공인 보호 및 지원\n에 관한 법률 」 제 조에 따른 소상공인으로서 「 중소기업 범위 및 확인에\n관한 규정 」 에 따라 발급된 중 소기업 소상공인 확인서 를 소지한 자 # - 유의 사항 ◦ 본 사업은 사업금액이 20 억원 미만인 사업으로서 , 「 중소 소프트웨어사업자의\n사업 참여 지원에 관한 지침 (」 과학기술정보통신부고시 ) 에 의거 대기업 및 중\n견기업 소프트웨어 사업자는 본 입찰에 참여할 수 없으며 , 「 소프트웨어진흥\n법 」 제 48 조 제 4 항의 「 독점규제 및 공정거래에 관한 법률 」 제 14 조에 따라 지\n정된 상호출자제한기업집단에 속하는 기업도 입찰에 참여할 수 없음 - 56 -",
    "metadata": {
      "page": 56,
      "global_page": 56,
      "source_pdf": "(사）한국대학스포츠협의회_KUSF 체육특기자 경기기록 관리시스템 개발.pdf"
    }
  },
  {
    "page": 57,
    "content": "- 공동수급인 경우 다음 사항 준수 - ◦ 공동수급업체 구성원은 「 국가를 당사자로 하는 계약에 관한 법률 시행령 」\n- 제 12 조 ( 경쟁입찰의 참가자격 ) 및 동법 시행규칙 제 14 조 ( 입찰참가자격요건의\n- 증명 ) 규정에 저촉되지 않아야 함\n- ◦공동수급체는 5 개 이하로 구성하여야 하며 , 구성원별 계약참여 최소지분율은\n- 10% 이상으로 하여야 함 「 공동계약운용요령 ( 기획재정부 , 계약예규 ) 」\n- 제 9 조 제 5 항 참조 ]\n # 다 . 제안서 평가 방법 - 기술능력 및 가격평가를 통한 우선협상대상자 선정 후 협상을 통한 최종 계약 체결 - - 기술능력평가를 위해 내 / 외부 위원으로 평가단을 구성하고 , 제안서를 제출한 업체를\n- 대상으로 PT 심사 진행\n- - 자격기준 미달 , 제출 서류를 허위로 작성한 경우 , 구비서류를 충족하지 못한 경우 ,\n- 제안서 내용이 극도로 불성실한 경우 등의 업체는 PT 심사에서 제외\n - 제안 발표는 업체의 총괄책임자 (PM) 가 발표하는 것을 원칙으로 하며 , 발표 자료는\nPPT 작성 (PDF 변환 ) 후 제출한다 . - 제안사별로 제출한 발표자료 (40 페이지 이내 ) 내용에 대해 약 20 분 발표\n및 20 분 질의응답 - \n - 기술능력평가 점수가 배점한도의 85% 이상 * 인 자를 협상 적격자로 선정 - 57 -",
    "metadata": {
      "page": 57,
      "global_page": 57,
      "source_pdf": "(사）한국대학스포츠협의회_KUSF 체육특기자 경기기록 관리시스템 개발.pdf"
    }
  },
  {
    "page": 58,
    "content": "- - 우선협상대상자는 기술능력평가 점수와 가격평가 점수를 합산하여 고득점 순에 의하여 선정\n- - 기술능력평가 점 수가 동일한 경우 , 전략 및 방법론 , 기술 및 기능 , 평가 고득\n- 점 순으로 선순위자 결정\n # 라 . 기술평가 평가기준 |  |  |\n| --- | --- |\n|  |  |\n| ㆍ ㆍ |  |\n| ㆍ | ㆍ ㆍ |\n - 58 -",
    "metadata": {
      "page": 58,
      "global_page": 58,
      "source_pdf": "(사）한국대학스포츠협의회_KUSF 체육특기자 경기기록 관리시스템 개발.pdf"
    }
  },
  {
    "page": 59,
    "content": "|  | ㆍ ㆍ ㆍ |\n| --- | --- |\n| ㆍ |  |\n|  |  |\n| ㆍ |  |\n|  |  |\n|  |  |\n|  |  |\n|  |  |\n|  |  |\n “ 소프트웨어 기술성 평가기준 ( 과학기술정보통신부고시 제 2021-98 호 , 2021. 12. 30.)” 준용 마. 제안서 제출 일정 및 방법 - - 제출기한 : 입찰공고서 참조\n- - 제출장소 및 방법 ( 온라인 제출 )\n - ◦ 본 사업은 「 ( 계약예규 ) 협상에 의한 계약체결기준 」 에 따라 제안서를 온라인으로\n- 제출하여야 하며, KUSF에서 오프라인으로 평가합니다.\n- ◦ 제안서 ( 증빙서류 등 포함 ) 는 나라장터 (e- 발주시스템 )를 통해 제출하시기 바랍니다.\n - 59 -",
    "metadata": {
      "page": 59,
      "global_page": 59,
      "source_pdf": "(사）한국대학스포츠협의회_KUSF 체육특기자 경기기록 관리시스템 개발.pdf"
    }
  },
  {
    "page": 60,
    "content": "# ◦ 기술제안서는 다음과 같이 파일명을 지정하여 제출하시기 바랍니다. - (1) 제안서 ( 기명 ) 1 식 ( 회사명 및 인적사항 표기 1 식 )\n- (2) 발표자료 ( 무기명 ) 1 식 ( 회사명 및 인적사항 표기 삭제 1 식 )\n- (3) 기타서류 1 식 ( 입찰 및 제안관련 서식 외 투입인력 재직증명서 및 건강보험자격득실확인서 )\n - - 제안서는 “ 제안서 제출 메뉴얼 ” 을 참고하여 제안서를 온라인으로 제출하여\n- 주시기 바라며 , 이에 대한 자세한 사항은 조달청 e- 발주시스템 유지ㆍ운영팀\n- 으로 문의하시기 바랍니다.\n- - 사업 관련 문의 : KUSF 기획총괄팀 권오석 대리 (070-4454-6544)\n- - 제출서류 및 평가 관련 문의 : KUSF 운영지원팀 이대로 대리 (070-4454-6471)\n # 바 . 제안요청 설명회 : 제안요청서로 갈음 # 사 . 기타 - - 용역수행과 관련한 모든 산출물의 저작권에 대한 권리는 KUSF와 사업자가\n- 공동으로 소유함을 원칙으로 하되 세부사항은 협의하여 결정\n- - 제출된 제안서는 일체 반환하지 않으며 , 본 제안과 관련된 일체의 소요비용은\n- 입찰참가자의 부담으로 함\n- - 제안내용에 대한 확인을 위하여 추가자료 요청 또는 현지실사를 할 수 있으며,\n- 입찰참가자는 이에 응하여야 함\n- - 낙찰자로 결정된 이후에 컨소시엄 구성원을 변경할 수 없음\n- - 제안서 인력은 컨소시엄 구성원의 자사인력으로 구성하여야 함\n- ※채용 예정인력인 경우에는 별도로 이를 명기하고 , 계약체결 전까지 채용을 완료하여야 함\n- - 적법한 파견근로자는 자사인력으로 간주하나 , 원 소속사를 반드시 명기하여야 함\n- - 컨소시엄 소속 외의 인력은 하도급으로 간주하며 , 주관기관의 승인을 얻지\n- 못할 경우에는 컨소시엄 구성원의 자사인력으로 대체하여야 함\n - 60 -",
    "metadata": {
      "page": 60,
      "global_page": 60,
      "source_pdf": "(사）한국대학스포츠협의회_KUSF 체육특기자 경기기록 관리시스템 개발.pdf"
    }
  },
  {
    "page": 61,
    "content": "- - 계약상의 사업을 수행함에 있어 부실 , 조잡 또는 부당하게 하거나 , 부정한\n- 행위를 한 사업자는 향후 신규 사업의 참여에 제한을 받을 수 있음\n- - 본사업의 수행에 필요한 모든 비용은 가격입찰금액에 포함시켜야 함\n # 5. 용역사업 보안사항 관련 가 . 외주 용역사업 보안 특약 조항 - - 계약상대자는 수요기관의 보안정책을 위반하였을 경우 계약대상자 보안위규 처리\n- 기준에 따라 위규자 및 관리자를 행정조치하고 보안 위약금을 수요기관에\n- 납부하여야 한다.\n- - 계약상대자는 사업 수행에 사용되는 문서 , 인원 , 장비 등에 대하여 물리적 ,\n- 관리적, 기술적 보안대책 및 ‘ 누출금지 대상정보 ’ 에 대한 보안관리 계획을\n- 사업제안서에 기재하여야 하며 , 대상 정보 누출 시 수요기관은 국가를 당사자로\n- 하는 계약에 관한 법률 시행령 제 76 조에 따라 계약상대자를 부정당업체로\n- 등록한다.\n- - 사업 수행과정에서 취득한 자료와 정보에 관하여 사업수행 중은 물론 사업\n- 완료 후에도 이를 외부에 유출해서는 안되며 , 사업종료 시 정보보안담당자\n- 입회하에 완전 폐기 또는 반납해야 한다.\n- - 계약상대자는 사업 기간 중 보안취약점의 개선에 적극 협조해야 한다.\n 나 . 계약대상자 보안위규 처리 기준 |  |  |\n| --- | --- |\n|  | ❍ ❍ ❍ ❍ |\n| ㆍ | ❍ ❍ ❍ |\n - 61 -",
    "metadata": {
      "page": 61,
      "global_page": 61,
      "source_pdf": "(사）한국대학스포츠협의회_KUSF 체육특기자 경기기록 관리시스템 개발.pdf"
    }
  },
  {
    "page": 62,
    "content": "|  | ㆍ ㆍ |\n| --- | --- |\n| ㆍ | ㆍ ㆍ ㆍ ㆍ ㆍ ❍ ㆍ ❍ ❍ ㆍ ㆍ |\n| ㆍ | ❍ ㆍ ❍ |\n 다 . 보안 위약금 부과 기준 - 보안 위반 위약금 부과 기준 - 보안 위약금은 다른 요인에 의해 상쇄 , 삭감이 되지 않도록 부과 - 62 -",
    "metadata": {
      "page": 62,
      "global_page": 62,
      "source_pdf": "(사）한국대학스포츠협의회_KUSF 체육특기자 경기기록 관리시스템 개발.pdf"
    }
  },
  {
    "page": 63,
    "content": "- - 사업종료 시 지출금액 조정을 통해 위약금 정산\n- - 보안규정을 위반하거나 누출금지 정보 유출로 인하여 손해 발생 시 용역업체에\n- 민사상 손해배상 청구\n- - 보안 위반에 따른 위약금액 , 제재조치 기준 등은 KUSF 에서 사안의 경중과 위반\n- 자의 고의성을 감안하여 확정\n - 63 -",
    "metadata": {
      "page": 63,
      "global_page": 63,
      "source_pdf": "(사）한국대학스포츠협의회_KUSF 체육특기자 경기기록 관리시스템 개발.pdf"
    }
  },
  {
    "page": 64,
    "content": "붙임[ ] # 입찰 및 제안관련 서식 【 첨부서식 -1 호 】 일반현황 및 연혁 【 첨부서식 -2 호 】 자본금 / 매출액 현황 【 첨부서식 -3 호 】 최근 3 년간 주요사업 실적 【 첨부서식 -4 호 】 근무경력확인서 【 첨부서식 -5 호 】 기술경력확인서 【 첨부서식 -6 호 】 소프트웨어 수행실적 확인서 【 첨부서식 -7 호 】 소프트웨어 하도급 계약승인신청서 【 첨부서식 -8 호 】 하도급 대금지급 비율 명세서 【 첨부서식 -9 호 】 하도급 적정성 판단 자기평가표 【 첨부서식 -10 호 】 기술적용계획표 【 첨부서식 호-11 】 소프트웨어 개발사업의 적정 사업기간 종합산정서 - 64 -",
    "metadata": {
      "page": 64,
      "global_page": 64,
      "source_pdf": "(사）한국대학스포츠협의회_KUSF 체육특기자 경기기록 관리시스템 개발.pdf"
    }
  },
  {
    "page": 65,
    "content": "【첨부서식 호-1 】 # 일반현황 및 연혁 | 회 사 명 |  | 대 표 자 |  |\n| --- | --- | --- | --- |\n| 사 업 분 야 |  |  |  |\n| 주 소 |  |  |  |\n| 전 화 번 호 |  |  |  |\n| 회 사 설 립 년 도 | 년 월 | 년 월 | 년 월 |\n| 해당부문 종사기간 | 년 월 ～ 년 월 ( 년 개월 ) | 년 월 ～ 년 월 ( 년 개월 ) | 년 월 ～ 년 월 ( 년 개월 ) |\n| 주요연혁 | 주요연혁 | 주요연혁 | 주요연혁 |\n - 65 -",
    "metadata": {
      "page": 65,
      "global_page": 65,
      "source_pdf": "(사）한국대학스포츠협의회_KUSF 체육특기자 경기기록 관리시스템 개발.pdf"
    }
  },
  {
    "page": 66,
    "content": "# 【 첨부서식 호-2 】 # 자본금 및 매출액 ( 최근 3 년 ) [ 단위 : 천원 ] | 구 분 | 구 분 | M-2 년도 | M-1 년도 | M 년도 |\n| --- | --- | --- | --- | --- |\n| 자 본 금 | 자 본 금 |  |  |  |\n| 매 출 액 | 부문 부문 부문 부문 |  |  |  |\n| 매 출 액 | 합 계 |  |  |  |\n - 66 -",
    "metadata": {
      "page": 66,
      "global_page": 66,
      "source_pdf": "(사）한국대학스포츠협의회_KUSF 체육특기자 경기기록 관리시스템 개발.pdf"
    }
  },
  {
    "page": 67,
    "content": "【 첨부서식 호-3 】 # 최근 3 년간 주요사업 실적 | 순번 | 사업명 | 구분 | 사업기간 | 계약금액 ( 백만원 ) | 발주처 | 개발방법론 | 비고 |\n| --- | --- | --- | --- | --- | --- | --- | --- |\n|  |  |  |  |  |  |  |  |\n - ※ 현재 수행중인 사업도 포함하여 연도순으로 기재하며, 제안과제와 유관한 것만 기재한다\n- ※ 하도급은 발주처가 승인한 경우에 한하여 작성하며 비고란에 원도급회사를 기재 한다\n- ※ 공동도급계약일 경우에는 계약금액란에 제안사의 지분만을 기재한다\n- ※ 사업별 형태 ( 개발사업 , 물품도입사업 , 유지보수사업 ) 등의 구분현황을 기재한다 .\n- ※ 사업별 사용 개발방법론을 기재한다\n- ※ 한국소프트웨어산업협회에서 발급하는 이행실적확인서를 가능한 활용 .\n- ※ 실적을 확인할 수 있는 실적증명서 , 계약서 등의 증거서류제출 , 확인이 불가능한 실적은 인정하지 않음\n- ※ 실적증명자료는 붙임으로 첨부하여야 하며 실적증명 첨부서류에 페이지를 명시하여 위 실적증명첨부 여부 란\n- 에 페이지를 표시하여야 함\n - 67 -",
    "metadata": {
      "page": 67,
      "global_page": 67,
      "source_pdf": "(사）한국대학스포츠협의회_KUSF 체육특기자 경기기록 관리시스템 개발.pdf"
    }
  },
  {
    "page": 68,
    "content": "# 첨부서식 호-4 】 【 # ■ 소프트웨어 진흥법 시행규칙 [ 별지 제 17 호서식 ] | <table><thead></thead><tbody><tr><td rowspan=\"2\">신청인</td><td>성명</td><td>생년월일</td></tr><tr><td colspan=\"2\">전화번호</td></tr><tr><td rowspan=\"2\">소속 회사</td><td>회사명</td><td>사업자등록번호</td></tr><tr><td colspan=\"2\">소재지 ( 전화번호 : )</td></tr></tbody></table> | <table><thead></thead><tbody><tr><td rowspan=\"2\">신청인</td><td>성명</td><td>생년월일</td></tr><tr><td colspan=\"2\">전화번호</td></tr><tr><td rowspan=\"2\">소속 회사</td><td>회사명</td><td>사업자등록번호</td></tr><tr><td colspan=\"2\">소재지 ( 전화번호 : )</td></tr></tbody></table> | <table><thead></thead><tbody><tr><td rowspan=\"2\">신청인</td><td>성명</td><td>생년월일</td></tr><tr><td colspan=\"2\">전화번호</td></tr><tr><td rowspan=\"2\">소속 회사</td><td>회사명</td><td>사업자등록번호</td></tr><tr><td colspan=\"2\">소재지 ( 전화번호 : )</td></tr></tbody></table> |\n| --- | --- | --- |\n| <table><thead><tr><td colspan=\"4\">근무경력</td></tr><tr><td>연번</td><td>근무기간</td><td>담당업무</td><td>부서 / 직위</td></tr></thead><tbody><tr><td>1</td><td>. . . ~ . . .</td><td></td><td></td></tr><tr><td>2</td><td>. . . ~ . . .</td><td></td><td></td></tr><tr><td>3</td><td>. . . ~ . . .</td><td></td><td></td></tr><tr><td>4</td><td>. . . ~ . . .</td><td></td><td></td></tr><tr><td>5</td><td>. . . ~ . . .</td><td></td><td></td></tr><tr><td>6</td><td>. . . ~ . . .</td><td></td><td></td></tr></tbody></table> 「 소프트웨어 진흥법 시행규칙 」 제 13 조제 1 항에 따라 위와 같이 근무경력을 | <table><thead><tr><td colspan=\"4\">근무경력</td></tr><tr><td>연번</td><td>근무기간</td><td>담당업무</td><td>부서 / 직위</td></tr></thead><tbody><tr><td>1</td><td>. . . ~ . . .</td><td></td><td></td></tr><tr><td>2</td><td>. . . ~ . . .</td><td></td><td></td></tr><tr><td>3</td><td>. . . ~ . . .</td><td></td><td></td></tr><tr><td>4</td><td>. . . ~ . . .</td><td></td><td></td></tr><tr><td>5</td><td>. . . ~ . . .</td><td></td><td></td></tr><tr><td>6</td><td>. . . ~ . . .</td><td></td><td></td></tr></tbody></table> 「 소프트웨어 진흥법 시행규칙 」 제 13 조제 1 항에 따라 위와 같이 근무경력을 | <table><thead><tr><td colspan=\"4\">근무경력</td></tr><tr><td>연번</td><td>근무기간</td><td>담당업무</td><td>부서 / 직위</td></tr></thead><tbody><tr><td>1</td><td>. . . ~ . . .</td><td></td><td></td></tr><tr><td>2</td><td>. . . ~ . . .</td><td></td><td></td></tr><tr><td>3</td><td>. . . ~ . . .</td><td></td><td></td></tr><tr><td>4</td><td>. . . ~ . . .</td><td></td><td></td></tr><tr><td>5</td><td>. . . ~ . . .</td><td></td><td></td></tr><tr><td>6</td><td>. . . ~ . . .</td><td></td><td></td></tr></tbody></table> 「 소프트웨어 진흥법 시행규칙 」 제 13 조제 1 항에 따라 위와 같이 근무경력을 |\n|  |  | 확인합니다 . |\n|  |  |  |\n| <table><thead></thead><tbody><tr><td rowspan=\"2\">확인자</td><td>성명</td><td>부서</td><td>연락처</td></tr><tr><td></td><td></td><td></td></tr><tr><td colspan=\"4\">년 월 일 회사명: 대표자: ( 서명 또는 인 ) 한국대학스포츠협의회장 귀하</td></tr></tbody></table> | <table><thead></thead><tbody><tr><td rowspan=\"2\">확인자</td><td>성명</td><td>부서</td><td>연락처</td></tr><tr><td></td><td></td><td></td></tr><tr><td colspan=\"4\">년 월 일 회사명: 대표자: ( 서명 또는 인 ) 한국대학스포츠협의회장 귀하</td></tr></tbody></table> | <table><thead></thead><tbody><tr><td rowspan=\"2\">확인자</td><td>성명</td><td>부서</td><td>연락처</td></tr><tr><td></td><td></td><td></td></tr><tr><td colspan=\"4\">년 월 일 회사명: 대표자: ( 서명 또는 인 ) 한국대학스포츠협의회장 귀하</td></tr></tbody></table> |\n | 작 성 방 법 |\n| --- |\n| 1. \" 담당업무 \" 는 소프트웨어기술자 경력확인 운영세칙을 참조하여 기재합니다 . 2. \" 확인자 \" 는 확인서를 발급한 해당 회사의 담당자를 기재합니다 . |\n 210mm×297mm[ 백상지 80g/ ]㎡ - 68 -",
    "metadata": {
      "page": 68,
      "global_page": 68,
      "source_pdf": "(사）한국대학스포츠협의회_KUSF 체육특기자 경기기록 관리시스템 개발.pdf"
    }
  },
  {
    "page": 69,
    "content": "# 첨부서식 호-5 】 【 ■ 소프트웨어 진흥법 시행규칙 [ 별지 제 18 호서식 ] | 신청인 | 성명 | 생년월일 |\n| --- | --- | --- |\n| 신청인 | 전화번호 | 전화번호 |\n | 소속회사 ( 또는 발주자 ) | 회사명 | 사업자등록번호 |\n| --- | --- | --- |\n| 소속회사 ( 또는 발주자 ) | 소재지 ( 전화번호 : ) | 소재지 ( 전화번호 : ) |\n | 기술경력 | 기술경력 | 기술경력 | 기술경력 | 기술경력 | 기술경력 |\n| --- | --- | --- | --- | --- | --- |\n| 연번 | 참여사업명 | 참여기간 | 발주자 소속사 | 직위 | 담당업무 |\n| 1 |  | . . . ~ . . . |  |  |  |\n| 2 |  | . . . ~ . . . |  |  |  |\n| 3 |  | . . . ~ . . . |  |  |  |\n| 4 |  | . . . ~ . . . |  |  |  |\n # 「 소프트웨어 진흥법 시행규칙 」 제 13 조제 1 항에 따라 위와 같이 기술경력을 확인합니다 . | 확인자 | 성명 | 부서 | 연락처 |\n| --- | --- | --- | --- |\n| 확인자 |  |  |  |\n 년 월 일 회사명 또는 발주자:\n대표자 또는 기관장: ( 서명 또는 인 ) 한국대학스포츠협의회장 귀하 | 작 성 방 법 |\n| --- |\n| 1. \" 담당업무 \" 는 소프트웨어기술자 경력확인 운영세칙을 참조하여 기재합니다 . 2. \" 확인자 \" 는 확인서를 발급한 해당 회사 ( 또는 발주기관 ) 의 담당자를 기재합니다 . 3. 휴ㆍ폐업 등으로 근무했던 회사로부터의 확인이 불가한 경우 발주기관의 확인으로 대체할 수 있습니다. |\n 210mm×297mm[ 백상지 80g/ ]㎡ - 69 -",
    "metadata": {
      "page": 69,
      "global_page": 69,
      "source_pdf": "(사）한국대학스포츠협의회_KUSF 체육특기자 경기기록 관리시스템 개발.pdf"
    }
  },
  {
    "page": 70,
    "content": "# 【 첨부서식 호-6 】 # ■ 소프트웨어 진흥법 시행규칙 [ 별지 제 28 호서식 ] | 제 호 | 제 호 | 제 호 | 제 호 |\n| --- | --- | --- | --- |\n| 회사개요 | 회사명 | 법인등록번호 |  |\n| 회사개요 | 회사명 | 사업자등록번호 |  |\n| 회사개요 | 성 명 ( 대표자 ) | 전화번호 |  |\n| 회사개요 | 주 소 |  |  |\n| 제출처 |  |  | 용 도 |\n| 참여사업명 |  |  |  |\n | 사업 수행 실적 ( 총 건 ) ( 단위 : 백만원 , VAT 별도 ) | 사업 수행 실적 ( 총 건 ) ( 단위 : 백만원 , VAT 별도 ) | 사업 수행 실적 ( 총 건 ) ( 단위 : 백만원 , VAT 별도 ) | 사업 수행 실적 ( 총 건 ) ( 단위 : 백만원 , VAT 별도 ) | 사업 수행 실적 ( 총 건 ) ( 단위 : 백만원 , VAT 별도 ) | 사업 수행 실적 ( 총 건 ) ( 단위 : 백만원 , VAT 별도 ) | 사업 수행 실적 ( 총 건 ) ( 단위 : 백만원 , VAT 별도 ) |\n| --- | --- | --- | --- | --- | --- | --- |\n| 연번 | 사업명 | 사업분야 계약기간 | 계약금액 | 발주자 | 수급형태 ( 지분율 ) | 이행완료 여부 |\n| ~ ~ ~ ~ ~ ~ ~ ~ ~ |  |  |  |  |  |  |\n| ~ 「 」 제 58 2 항 및 시 행규칙 웨어사업 수행 실적을 증명합니다. 년 월 일 사업자실적관리기관의 장 인 | 소프트웨어 진흥법 조제 같은 17 조제 따라 같이 |  | 법 | 제 4 항에 | 위와 | 소프트 |\n | 유 의 사 항 |\n| --- |\n| 1. \" 사업분야 \" 는 소프트웨어사업자 실적관리 운영세칙을 참조하여 기재합니다 . 1. 계약금액은 신청기업의 지분율에 해당하는 금액입니다 . 2. 발주자는 원 발주자를 지칭합니다 . 3. 이행완료여부가 빈칸인 경우는 계약기간이 이미 지났지만 신청기업에서 완료 신청을 하지 않아 이행여부가 확인되지 않는 사항입니다. |\n 210mm×297mm[ 백상지 80g/ ]㎡ - 70 -",
    "metadata": {
      "page": 70,
      "global_page": 70,
      "source_pdf": "(사）한국대학스포츠협의회_KUSF 체육특기자 경기기록 관리시스템 개발.pdf"
    }
  },
  {
    "page": 71,
    "content": "# 첨부서식 호-7 】 【 # ■ 소프트웨어 진흥법 시행규칙 [ 별지 제 21 호서식 ] # ※ 소프트웨어산업정보종합관리체계 (www.swit.or.kr) 에서도 신청할 수 있습니다 . # ※ [ ] 에는 해당되는 곳에 √ 표를 합니다 . 앞쪽( ) | 접수번호 |  | 접수일자 | 처리기간 일10 |\n| --- | --- | --- | --- |\n | 하도급 거 래 계 약 당사자 | 수급인 ( 공동수급체 구성원) | 상호 | 대표자 |\n| --- | --- | --- | --- |\n| 하도급 거 래 계 약 당사자 | 수급인 ( 공동수급체 구성원) | 사업자등록번호 | 소재지 |\n| 하도급 거 래 계 약 당사자 | 하수급인 | 상호 | 대표자 |\n| 하도급 거 래 계 약 당사자 | 하수급인 | 사업자등록번호 | 소재지 |\n| 하도급 거 래 계 약 당사자 | 재하수급인 | 상호 | 대표자 |\n| 하도급 거 래 계 약 당사자 | 재하수급인 | 사업자등록번호 | 소재지 |\n | 사업 내용 | 계약명 |  | 계약번호 |  | 계약금액(A) |  |\n| --- | --- | --- | --- | --- | --- | --- |\n| 사업 내용 | 계약일 | 년 월 일 | 계약기간 | . . . 부터 . . . 까지 | . . . 부터 . . . 까지 | . . . 부터 . . . 까지 |\n | 하도급 내용 | 계약명 |  |  | 하도급액(B) | ( [ 비율 B/A]%) |\n| --- | --- | --- | --- | --- | --- |\n| 하도급 내용 | 계약 예정일 | 년 월 일 | 계약기간 | . . . 부터 . . . 까지 | . . . 부터 . . . 까지 |\n| 하도급 내용 | 하도급 내역 및 사유 | ( ※ 필요한 경우 별지 사용 ) | ( ※ 필요한 경우 별지 사용 ) | ( ※ 필요한 경우 별지 사용 ) | ( ※ 필요한 경우 별지 사용 ) |\n | 재하도급 내용 | 계약명 |  |  | 재하도급액(C) | ( [ 비율 C/B] %) |\n| --- | --- | --- | --- | --- | --- |\n| 재하도급 내용 | 계약예정일 | 년 월 일 | 계약기간 | . . . 부터 . . . 까지 | . . . 부터 . . . 까지 |\n| 재하도급 내용 | 재하도급 내역 및 사유 | ( ※ 필요한 경우 별지 사용 ) | ( ※ 필요한 경우 별지 사용 ) | ( ※ 필요한 경우 별지 사용 ) | ( ※ 필요한 경우 별지 사용 ) |\n 「 소프트웨어 진흥법 」 제 51 조제 5 항 및 같은 법 시행규칙 제 14 조제 1 항에 따라 위와 같이 신청합니다 . 신청인 년 월 일 ( 서명 또는 인 ) # 한국대학스포츠협의회장 귀하 | 첨부서류 | 1. 하도 급 또는 재하도급 계약서안 사본 부1 2. 하도급 또는 재하도급 사업수행 계획서 ( 하도급 금액 산출내역서 및 사업추진 일정표 포함 ) 부1 3. 하도급계약 적정성 판단 자기평가표 | 수수료 없 음 |\n| --- | --- | --- |\n 210mm×297mm( 백상지 80g/ )㎡ - 71 -",
    "metadata": {
      "page": 71,
      "global_page": 71,
      "source_pdf": "(사）한국대학스포츠협의회_KUSF 체육특기자 경기기록 관리시스템 개발.pdf"
    }
  },
  {
    "page": 72,
    "content": "( 뒤 쪽 ) 처리절차 이 신청서는 아래와 같이 처리됩니다 . | 신 청 인 | 처 리 기 관 |\n| --- | --- |\n| 신 청 인 | 발 주 기 관 |\n| ![image](/image/placeholder)\n신 청 서 작 성\n▶ 접 수\n( 수 급 인 )\n▼\n하 도 급 적 정 성\n검 토\n▼\n하 도 급 승 인 여 부\n승 인 여 부 통 보 ◀\n결 정 |  |\n 210mm×297mm( 백상지 80g/ )㎡ - 72 -",
    "metadata": {
      "page": 72,
      "global_page": 72,
      "source_pdf": "(사）한국대학스포츠협의회_KUSF 체육특기자 경기기록 관리시스템 개발.pdf"
    }
  },
  {
    "page": 73,
    "content": "# 【 첨부서식 호-8 】 | 하도급 대금지급 비율 명세서 | 하도급 대금지급 비율 명세서 | 하도급 대금지급 비율 명세서 | 하도급 대금지급 비율 명세서 |\n| --- | --- | --- | --- |\n| 원도급자 | 원도급자 | 하도급자 | 하도급자 |\n| 사 업 명 |  | 하 도 급 사 업 명 |  |\n| 회 사 명 |  | 회 사 명 |  |\n| 사업기간 |  | 하 도 급 기 간 |  |\n|  |  | 하도급 지급대금 | 원 |\n | 하도급 지급 대금 세부내역 | 구분 | 기술 등급 | ① SW 월 노 임단가 | ② 투입인력 (MM) | MM③ 당 하도급 대가 | ④ 지급금액 ( ② x ③ ) | ⑤ 지급비율 |\n| --- | --- | --- | --- | --- | --- | --- | --- |\n| 하도급 지급 대금 세부내역 | MM | 기술사 |  |  |  |  |  |\n| 하도급 지급 대금 세부내역 | MM | 특급기술자 |  |  |  |  |  |\n| 하도급 지급 대금 세부내역 | MM | 고급기술자 |  |  |  |  |  |\n| 하도급 지급 대금 세부내역 | MM | 중급기술자 |  |  |  |  |  |\n| 하도급 지급 대금 세부내역 | MM | 초급기술자 |  |  |  |  |  |\n| 하도급 지급 대금 세부내역 | MM | 합 계 |  |  |  |  |  |\n| 상기와 같이 합의하였음을 확인합니다 년 월 일 ( 원도급자 ) 직인 ( 하도급자 ) 직인 | 상기와 같이 합의하였음을 확인합니다 년 월 일 ( 원도급자 ) 직인 ( 하도급자 ) 직인 | 상기와 같이 합의하였음을 확인합니다 년 월 일 ( 원도급자 ) 직인 ( 하도급자 ) 직인 | 상기와 같이 합의하였음을 확인합니다 년 월 일 ( 원도급자 ) 직인 ( 하도급자 ) 직인 | 상기와 같이 합의하였음을 확인합니다 년 월 일 ( 원도급자 ) 직인 ( 하도급자 ) 직인 | 상기와 같이 합의하였음을 확인합니다 년 월 일 ( 원도급자 ) 직인 ( 하도급자 ) 직인 | 상기와 같이 합의하였음을 확인합니다 년 월 일 ( 원도급자 ) 직인 ( 하도급자 ) 직인 | 상기와 같이 합의하였음을 확인합니다 년 월 일 ( 원도급자 ) 직인 ( 하도급자 ) 직인 |\n| 첨부서류 : 하도급 부문 산출 내역서 | 첨부서류 : 하도급 부문 산출 내역서 | 첨부서류 : 하도급 부문 산출 내역서 | 첨부서류 : 하도급 부문 산출 내역서 | 첨부서류 : 하도급 부문 산출 내역서 | 첨부서류 : 하도급 부문 산출 내역서 | 첨부서류 : 하도급 부문 산출 내역서 | 첨부서류 : 하도급 부문 산출 내역서 |\n - ① SW 월노임단가 : SW 산업협회에서 공표하는 일노임단가 × 근무일수\n- ③ SW 하도급 대가 : 원도급자가 하도급자에게 지급하는 직접인건비 + 제경비 + 기술료\n- ⑤ 지급비율 : ∑ 지급급액 ÷ ∑ (SW 월노임단가 × 투입인력 )\n- ※ 관련 법률 : 「 행정기관 및 공공기관 정보시스템 구축 · 운영 지침 ( 행정안전부고시 ) 」 제 19 조\n - 73 -",
    "metadata": {
      "page": 73,
      "global_page": 73,
      "source_pdf": "(사）한국대학스포츠협의회_KUSF 체육특기자 경기기록 관리시스템 개발.pdf"
    }
  },
  {
    "page": 74,
    "content": "【 첨부서식 호-9 】 # 하도급 적정성 판단 자기평가표 # 1. 계약 내용 | 수급인 관련 사항 | 수급인 관련 사항 | 하수급인 관련 사항 | 하수급인 관련 사항 |\n| --- | --- | --- | --- |\n| 사 업 명 |  | 하 도 급 사 업 명 |  |\n| 수 급 인 | ( 전화 ) | 하수급인 | ( 전화 ) |\n| 계약금액 | 원 ( 하도급 부분금액 (A) : 원 ) | 하도급액(B) | 원 |\n| 계약기간 |  | 하 도 급 기 간 |  |\n| 하자담보 책임기간 |  | 하자담보 책임기간 |  |\n| 국가기관등과의 낙찰방식낙찰율 , | 방식 , % | 하도급율 (B/A) | % |\n - ※ 1) 하도급율 (%) = ( 하도급액 (B) / 하도급 부분금액 (A)) × 100\n- 2) 하도급액 : 하도급 계약서 ( 산출내역서 ) 상의 소프트웨어사업비\n- 3) 하도급 부분금액 : 원도급 계약서 ( 산출내역서 ) 상의 소프트웨어사업비 중 하도급 되는 사업 부문에 해당하는\n- 소프트웨어사업비\n # 자기평가결과 | 판 단 항 목 | 판 단 항 목 | 판 단 항 목 | 배 점 | 배점 사유 |\n| --- | --- | --- | --- | --- |\n| 1. 하수급인의 자격 ( 부정당업자로 지정되어 입찰참가제한 중인지 여부 | 1. 하수급인의 자격 ( 부정당업자로 지정되어 입찰참가제한 중인지 여부 | 1. 하수급인의 자격 ( 부정당업자로 지정되어 입찰참가제한 중인지 여부 | ) |  |\n| 2. 하수급인의 사업수행능력 (40 점 ) | 가 . 사업수행실적 | ① |  |  |\n| 2. 하수급인의 사업수행능력 (40 점 ) | 나 . 고용안정 및 적법근로 | ② |  |  |\n| 2. 하수급인의 사업수행능력 (40 점 ) | 소 계 | 소 계 |  |  |\n| 3. 하도급 계약방식 (60 점 ) | 가 . 하도급대금 지급방식의 적정성 | ① |  |  |\n| 3. 하도급 계약방식 (60 점 ) | 나 . 하도급 금액의 적정성 | ② |  |  |\n| 3. 하도급 계약방식 (60 점 ) | 소 계 | 소 계 |  |  |\n| 4. 기타 | 가점 | ① |  | ( 가점사유 ) |\n| 4. 기타 | 가점 | ② |  | ( 가점사유 ) |\n| 4. 기타 | 가점 | ③ |  | ( 가점사유 ) |\n| 4. 기타 | 소 계 | 소 계 |  |  |\n| 합 계 | 합 계 | 합 계 |  |  |\n - 74 -",
    "metadata": {
      "page": 74,
      "global_page": 74,
      "source_pdf": "(사）한국대학스포츠협의회_KUSF 체육특기자 경기기록 관리시스템 개발.pdf"
    }
  },
  {
    "page": 75,
    "content": "# 【 첨부서식 -10 호 】 기술적용계획표 | 사업명 | KUSF 체육특기자 경기기록 관리시스템 개발 |\n| --- | --- |\n| 작성일 | 2024 년 8 월 8 일 |\n # 법률 및 고시 | 구분 | 항 목 |\n| --- | --- |\n| 법률 | o 국가정보화 기본법 o 공공기관의 정보공개에 관한 법률 o 개인정보 보호법 o 소프트웨어 진흥법 o 인터넷주소자원에 관한 법률 o 전자서명법 o 전자정부법 o 정보통신기반 보호법 o 정보통신망 이용촉진 및 정보보호 등에 관한 법률 o 통신비밀보호법 o 국가를 당사자로 하는 계약에 관한 법률 o 하도급거래 공정화에 관한 법률 o 지방자치단체를 당사자로 하는 계약에 관한 법률 |\n| 고시 등 | o 보안업무규정 ( 대통령령 ) o 행정기관 정보시스템 접근권한 관리 규정 ( 국무총리훈령 ) o 장애인 · 고령자 등의 정보 접근 및 이용 편의 증진을 위한 지침(과학기술정보통신부고시) o 전자서명인증업무지침 (과학기술정보통신부고시) o 전자정부서비스 호환성 준수지침 ( 행정안전부고시 ) o 정보보호시스템 공통평가기준 (과학기술정보통신부고시) o 정보보호시스템 평가인증 지침 (과학기술정보통신부고시) o 정보시스템 감리기준 ( 행정안전부고시 ) o 행정전자서명 인증업무지침 ( 행정안전부고시 ) o 행정기관도메인명및 IP 주소체계표준 ( 행정안전부고시 ) o 개인정보의 안전성 확보 조치 기준 ( 행정안전부고시 ) o 전자정부 정보보호관리체계 (G-ISMS) 인증 등에 관한 지침 ( 행정안전부훈령 ) o 지방자치단체 입찰 및 계약집행 기준 ( 행정안전부예규 ) o 지방자치단체 입찰시 낙찰자 결정기준 ( 행정안전부예규 ) o 지방자치단체 용역계약 일반조건 ( 행정안전부예규 ) o 표준개인정보보호지침 ( 행정안전부 예규 ) o 엔지니어링사업 대가의 기준 (과학기술정보통신부고시) o 소프트웨어 기술성 평가기준 지침 (과학기술정보통신부고시) o 소프트웨어사업의 제안서 보상기준 등에 관한 운영규정 (과학기술정보통신부고시) o 분리발주대상 소프트웨어 (과학기술정보통신부고시) o 대기업인 소프트웨어사업자가 참여할 수 있는 사업금액의 하한(과학기술정보통신부고시) o 소프트웨어 품질인증의 세부기준 및 절차 (과학기술정보통신부고시) o 소프트웨어사업하도급계약의 적정성 판단기준 (과학기술정보통신부고시) o 용역계약일반조건 ( 기획재정부계약예규 ) o 협상에 의한 계약체결기준 ( 기획재정부계약예규 ) o 하도급거래 공정화 지침 ( 공정거래위원회예규 ) o 정보보호조치에 관한 지침 (과학기술정보통신부고시) o 개인정보의 기술적 · 관리적 보호조치 기준 ( 방송통신위원회고시 ) o 소프트웨어 개발사업 적정 사업기간 산정 기준에 따른 사업 (과학기술정보통신부고시) |\n - 75 -",
    "metadata": {
      "page": 75,
      "global_page": 75,
      "source_pdf": "(사）한국대학스포츠협의회_KUSF 체육특기자 경기기록 관리시스템 개발.pdf"
    }
  },
  {
    "page": 76,
    "content": "# 서비스 접근 및 전달 분야 | 구 분 | 항 목 | 적용계획 / 결과 | 적용계획 / 결과 | 적용계획 / 결과 | 부분적용 미/ 적용시 사유 및 대체기술 |\n| --- | --- | --- | --- | --- | --- |\n| 구 분 | 항 목 | 적용 | 부분 미 적용 적 용 | 해당 없음 | 부분적용 미/ 적용시 사유 및 대체기술 |\n| 기본 지침 | 기본 지침 |  |  |  |  |\n| 정보시스템은 사용자가 다양한 브라우저 환경에서 서비스를 이용할 수 있도록 표준기술을 준수하여야 하고 , 장애인 , 저사양 컴퓨터 사용자 등 서비스 이용 소외계층을 고려한 설계 · 구현을 검토하여야 한다 | 정보시스템은 사용자가 다양한 브라우저 환경에서 서비스를 이용할 수 있도록 표준기술을 준수하여야 하고 , 장애인 , 저사양 컴퓨터 사용자 등 서비스 이용 소외계층을 고려한 설계 · 구현을 검토하여야 한다 | O |  |  |  |\n| 세부 기술 지침 | 세부 기술 지침 |  |  |  |  |\n| 외부 접근 장치 | o 웹브라우저 관련 - HTML 4.01/HTML 5, CSS 2.1 | O |  |  |  |\n| 외부 접근 장치 | - XHTML 1.0 |  | O |  |  |\n| 외부 접근 장치 | - XML 1.0, XSL 1.0 |  | O |  |  |\n| 외부 접근 장치 | - ECMAScript 3rd |  |  | O |  |\n| 외부 접근 장치 | - 한국형 웹 콘텐츠 접근성 지침 2.1 | O |  |  |  |\n| 외부 접근 장치 | o 모바일 관련 - 모바일 웹 콘텐츠 저작 지침 1.0 (KICS.KO-10.0307) |  |  | O |  |\n| 서비스 요구사항 | 서비스관리(KS X ISO/IEC 20000)/ ITIL v3 |  |  | O |  |\n| 서비스 전달 프로토콜 | IPv4 | O |  |  |  |\n| 서비스 전달 프로토콜 | IPv6 |  |  | O |  |\n # 인터페이스 및 통합 분야 | 구 분 | 항 목 | 적용계획 / 결과 | 적용계획 / 결과 | 적용계획 / 결과 | 부분적용 미/ 적용시 사유 및 대체기술 |\n| --- | --- | --- | --- | --- | --- |\n| 구 분 | 항 목 | 적용 | 부분 미 적용 적 용 | 해당 없음 | 부분적용 미/ 적용시 사유 및 대체기술 |\n| 기본 지침 | 기본 지침 |  |  |  |  |\n| o 정보시스템간 서비스의 연계 및 통합에는 웹서비스 적용을 검 토하고 , 개발된 웹서비스 중 타기관과 공유가 가능한 웹서비스 는 범정부 차원의 공유 · 활용이 가능하도록 지원하여야 한다 | o 정보시스템간 서비스의 연계 및 통합에는 웹서비스 적용을 검 토하고 , 개발된 웹서비스 중 타기관과 공유가 가능한 웹서비스 는 범정부 차원의 공유 · 활용이 가능하도록 지원하여야 한다 | O |  |  |  |\n| 세부 기술 지침 | 세부 기술 지침 |  |  |  |  |\n| 서비스 통합 | o 웹 서비스 - SOAP 1.2, WSDL 2.0, XML 1.0 |  |  | O |  |\n| 서비스 통합 | - UDDI v3 |  |  | O |  |\n| 서비스 통합 | - RESTful |  |  | O |  |\n| 서비스 통합 | o 비즈니스 프로세스 관리 - UML 2.0/BPMN 1.0 |  |  | O |  |\n| 서비스 통합 | - ebXML/BPEL 2.0/ XPDL 2.0 |  |  | O |  |\n| 데이터 공유 | o 데이터 형식 : XML 1.0 | O |  |  |  |\n| 인터페이스 | o 서비스 발견 및 명세 : UDDI v3, WSDL 2.0 |  |  | O |  |\n - 76 -",
    "metadata": {
      "page": 76,
      "global_page": 76,
      "source_pdf": "(사）한국대학스포츠협의회_KUSF 체육특기자 경기기록 관리시스템 개발.pdf"
    }
  },
  {
    "page": 77,
    "content": "# 플랫폼 및 기반구조 분야 | 구 분 | 항 목 | 적용계획 / 결과 | 적용계획 / 결과 | 적용계획 / 결과 | 부분적용 미/ 적용시 사유 및 대체기술 |\n| --- | --- | --- | --- | --- | --- |\n| 구 분 | 항 목 | 적용 | 부분 미 적용 적용 | 해당 없음 | 부분적용 미/ 적용시 사유 및 대체기술 |\n| 기본 지침 | 기본 지침 |  |  |  |  |\n| 정보시스템 운영에 사용되는 통신장비는 IPv4 와 IPv6 가 동시에 지원 되는 장비를 채택하여야 한다 | 정보시스템 운영에 사용되는 통신장비는 IPv4 와 IPv6 가 동시에 지원 되는 장비를 채택하여야 한다 |  |  | O |  |\n| 하드웨어는 이기종간 연계가 가능하여야 하며 , 특정 기능을 수행 하는 임베디드 장치 및 주변 장치는 해당 장치가 설치되는 정보 시스템과 호환성 및 확장성이 보장되어야 한다 | 하드웨어는 이기종간 연계가 가능하여야 하며 , 특정 기능을 수행 하는 임베디드 장치 및 주변 장치는 해당 장치가 설치되는 정보 시스템과 호환성 및 확장성이 보장되어야 한다 | O |  |  |  |\n| 세부 기술 지침 | 세부 기술 지침 |  |  |  |  |\n| 네트워크 | o 화상회의 및 멀티미디어 통신 : H.320~H.324, H.310 |  |  | O |  |\n| 네트워크 | o 부가통신 : VoIP - H.323 |  |  | O |  |\n| 네트워크 | - SIP |  |  | O |  |\n| 네트워크 | - Megaco(H.248) |  |  | O |  |\n| 운영체제 및 기반 환경 | o 개방형 운영 체제 및 기반환경 : POSIX |  |  | O |  |\n| 운영체제 및 기반 환경 | o 무선용 운영 체계 - android |  |  | O |  |\n| 운영체제 및 기반 환경 | - IOS |  |  | O |  |\n| 운영체제 및 기반 환경 | - 윈도우폰 7 |  |  | O |  |\n| 운영체제 및 기반 환경 | o 무선용 기반환경 - Java |  |  | O |  |\n| 운영체제 및 기반 환경 | - Objective C |  |  | O |  |\n| 데이터베이스 | o DBMS - RDBMS | O |  |  |  |\n| 데이터베이스 | - ORDBMS |  |  | O |  |\n| 데이터베이스 | - OODBMS |  |  | O |  |\n| 데이터베이스 | - MMDBMS |  |  | O |  |\n| 시스템 관리 | o ITIL v3 / ISO20000 |  |  | O |  |\n| 소프트웨어 공학 | o 모델링 : UML2.0 |  |  | O |  |\n| 소프트웨어 공학 | o 개발프레임워크 : 전자정부 표준프레임워크 | O |  |  |  |\n - 77 -",
    "metadata": {
      "page": 77,
      "global_page": 77,
      "source_pdf": "(사）한국대학스포츠협의회_KUSF 체육특기자 경기기록 관리시스템 개발.pdf"
    }
  },
  {
    "page": 78,
    "content": "# 요소기술 분야 | 구 분 | 항 목 | 적용계획 / 결과 | 적용계획 / 결과 | 적용계획 / 결과 | 부분적용 미/ 적용시 사유 및 대체기술 |\n| --- | --- | --- | --- | --- | --- |\n| 구 분 | 항 목 | 적용 | 부분 미 적용 적 용 | 해당 없음 | 부분적용 미/ 적용시 사유 및 대체기술 |\n| 기본 지침 | 기본 지침 |  |  |  |  |\n| o 응용서비스는 컴포넌트화하여 개발하는 것을 원칙으로 한다 | o 응용서비스는 컴포넌트화하여 개발하는 것을 원칙으로 한다 | O |  |  |  |\n| o 데이터는 데이터 공유 및 재사용 , 데이터 교환 , 데이터 품질 향상 데이터베이스 통합 등을 위하여 표준화되어야 한다 | o 데이터는 데이터 공유 및 재사용 , 데이터 교환 , 데이터 품질 향상 데이터베이스 통합 등을 위하여 표준화되어야 한다 | , O |  |  |  |\n| o 행정정보의 공동활용에 필요한 행정코드는 행정표준코드를 준수 하여야 하며 그렇지 못한 경우에는 행정기관등의 장이 그 사유를 행정안전부 장관에 보고하고 행정안전부의 “ 행정기관의 코드 표준화 추진지침 ” 에 따라 코드체계 및 코드를 생성하여 행정 안전부에 표준 등록을 요청하여야 한다 | o 행정정보의 공동활용에 필요한 행정코드는 행정표준코드를 준수 하여야 하며 그렇지 못한 경우에는 행정기관등의 장이 그 사유를 행정안전부 장관에 보고하고 행정안전부의 “ 행정기관의 코드 표준화 추진지침 ” 에 따라 코드체계 및 코드를 생성하여 행정 안전부에 표준 등록을 요청하여야 한다 |  |  | O |  |\n| o 패키지소프트웨어는 타 패키지소프트웨어 또는 타 정보시스템 과의 연계를 위해 데이터베이스 사용이 투명해야 하며 다양한 유형의 인터페이스를 지원하여야 한다 | o 패키지소프트웨어는 타 패키지소프트웨어 또는 타 정보시스템 과의 연계를 위해 데이터베이스 사용이 투명해야 하며 다양한 유형의 인터페이스를 지원하여야 한다 | O |  |  |  |\n| 세부 기술 지침 | 세부 기술 지침 |  |  |  |  |\n| 데이터 표현 | o 정적표현 : HTML 4.01 | O |  |  |  |\n| 데이터 표현 | o 동적표현 - JSP 2.1 | O |  |  |  |\n| 데이터 표현 | - ASP |  |  | O |  |\n| 데이터 표현 | - PHP |  |  | O |  |\n| 프로그래밍 | o 개방형 프로그래밍 - J2EE 5, J2SE 5.0, Java Servlet 2.5 | O |  |  |  |\n| 프로그래밍 | o 웹프로그래밍 - XML 1.0, XSL 1.1 |  | O |  |  |\n| 프로그래밍 | - RDF |  |  | O |  |\n| 프로그래밍 | - AJAX |  | O |  |  |\n| 데이터 교환 | o 교환프로토콜 : - XMI 2.0 |  |  | O |  |\n| 데이터 교환 | - SOAP 1.2 |  |  | O |  |\n| 데이터 교환 | o 문자셋 - EUC-KR |  |  | O |  |\n| 데이터 교환 | - UTF-8( 단 , 신규시스템은 UTF-8 우선 적용 ) | O |  |  |  |\n - 78 -",
    "metadata": {
      "page": 78,
      "global_page": 78,
      "source_pdf": "(사）한국대학스포츠협의회_KUSF 체육특기자 경기기록 관리시스템 개발.pdf"
    }
  },
  {
    "page": 79,
    "content": "# 보안 분야 | 구 분 | 항 목 | 적용계획 / 결과 | 적용계획 / 결과 | 적용계획 / 결과 | 부분적용 미/ 적용시 사유 및 대체기술 |\n| --- | --- | --- | --- | --- | --- |\n| 구 분 | 항 목 | 적용 | 부분 미 적용 적 용 | 해당 없음 | 부분적용 미/ 적용시 사유 및 대체기술 |\n| 기본 지침 | 기본 지침 |  |  |  |  |\n| o 정보시스템의 보안을 위하여 위험분석을 통한 보안 계획을 수립 하고 이를 적용하여야 한다 이는 정보시스템의 구축 운영과 관 련된 “ 서비스 접근 및 전달 ”,“ 플랫폼 및 기반구조 ”,“ 요소 기 술 ” 및 “ 인터페이스 및 통합 ” 분야를 모두 포함하여야 한다 | o 정보시스템의 보안을 위하여 위험분석을 통한 보안 계획을 수립 하고 이를 적용하여야 한다 이는 정보시스템의 구축 운영과 관 련된 “ 서비스 접근 및 전달 ”,“ 플랫폼 및 기반구조 ”,“ 요소 기 술 ” 및 “ 인터페이스 및 통합 ” 분야를 모두 포함하여야 한다 | O |  |  |  |\n| o 보안이 중요한 서비스 및 데이터의 접근에 관련된 사용자 인증은 공인전자서명 또는 행정전자서명을 기반으로 하여야 한다 | o 보안이 중요한 서비스 및 데이터의 접근에 관련된 사용자 인증은 공인전자서명 또는 행정전자서명을 기반으로 하여야 한다 | O |  |  |  |\n| 세부 기술 지침 | 세부 기술 지침 |  |  |  |  |\n| 관리적 보안 | o 국가정보보안기본지침 ( 국정원 ) - 국가 사이버안전 매뉴얼 | O |  |  |  |\n| 기술적 보안 | o 국가용 암호 제품 대상 ( 국정원 보안적합성 인증 필요 ) - PKI 제품 |  |  | O |  |\n| 기술적 보안 | - SSO 제품 |  |  | O |  |\n| 기술적 보안 | - 디스크 ․ 파일 암호화 제품 |  |  | O |  |\n| 기술적 보안 | - 문서 암호화 제품 (DRM) 등 |  |  | O |  |\n| 기술적 보안 | - 메일 암호화 제품 |  |  | O |  |\n| 기술적 보안 | - 키보드 암호화 제품 |  |  | O |  |\n| 기술적 보안 | - 하드웨어 보안 토큰 |  |  | O O |  |\n| 기술적 보안 | - DB 암호화 제품 | O |  |  |  |\n| 기술적 보안 | o CC 제품군 ( 국제 CC 인 경우 IT 보안인증사무국의 인증 필요 ) - 침입차단 - 침입탐지 | O |  |  |  |\n| 기술적 보안 | - 침입방지 | O |  |  |  |\n| 기술적 보안 | - 통합보안관리 |  |  | O |  |\n| 기술적 보안 | - 보안관리서버 | O |  |  |  |\n| 기술적 보안 | - 웹방화 벽 | O |  |  |  |\n| 기술적 보안 | - DDos 대응 |  |  | O |  |\n| 기술적 보안 | - VOIP 보안 |  |  | O |  |\n| 기술적 보안 | - 무선침입방지 - 무선랜 인증 |  |  | O O |  |\n| 기술적 보안 | - 가상사설망 |  |  | O |  |\n| 기술적 보안 | - 네트워크 접근통제 |  |  | O |  |\n| 기술적 보안 | - 스팸메일차단 |  |  | O |  |\n| 기술적 보안 | - 바이러스백신 |  |  |  |  |\n| 기술적 보안 | - PC 매체제어 |  |  | O |  |\n| 기술적 보안 | - PC 침입차단 |  |  | O |  |\n| 기술적 보안 | - 콘텐츠보안 |  |  | O |  |\n| 기술적 보안 | - 자료유출 방지 |  |  | O |  |\n| 기술적 보안 | - 메일보안 |  |  | O O |  |\n| 기술적 보안 | - 서버보안 |  |  | O |  |\n| 기술적 보안 | - DB 접근 통제 |  |  |  |  |\n| 기술적 보안 | - 다중영역구분 |  |  | O |  |\n| 기술적 보안 | - 스마트카드 |  |  | O |  |\n| 기술적 보안 | - 보안 USB - 복합기 완전삭제 |  |  | O O |  |\n - 79 -",
    "metadata": {
      "page": 79,
      "global_page": 79,
      "source_pdf": "(사）한국대학스포츠협의회_KUSF 체육특기자 경기기록 관리시스템 개발.pdf"
    }
  },
  {
    "page": 80,
    "content": "# 【 첨부서식 -11 호 】 # 소프트웨어 개발사업의 적정 사업기간 종합산정서 | 사업명 | KUSF 체육특기자 경기기록 관리시스템 개발 | KUSF 체육특기자 경기기록 관리시스템 개발 |\n| --- | --- | --- |\n| 항목별 검토 의견 | 항목별 검토 의견 | 항목별 검토 의견 |\n| 검토항목 | 검토의견 | 추정 사업기간 |\n| ① 기능점수 (FP) 기반 SW 사업 적정 개발기간 산정표 | FP 검토 결과 소프트웨어개발생산성과 개발 규모별 인력 수 정보를 기반으로 적정하게 사업기간이 산출되었음 | 120 일 |\n| ② 사업기초자료 ( 사업계획서 , 예산신청서 , 제안요청서) | 체육특기자 경기기록 관리시스템은 120 일이 적정하다고 판단됨 | 120 일 |\n| ③ 유사사업 자료 | 예산 , 기능 등 유사사업 자료와 비교 시 적정 | 120 일 |\n| ④ 기타 특이사항 | 해당사항 없음 | - |\n | 종합 의견 | 종합 의견 | 종합 의견 |\n| --- | --- | --- |\n| ⑤ 종합의견 | 위 사항을 모두 고려해 종합적으로 판단하면 120 일 구축기간은 적정하다고 판단됨 | 적정 사업기간 |\n| ⑤ 종합의견 | 위 사항을 모두 고려해 종합적으로 판단하면 120 일 구축기간은 적정하다고 판단됨 | 120 일 |\n| 「소프트웨어사업 계약 및 관리감독에 관한 지침 」 제 10 조제 3 항에 따른 소프트웨어 개발사업의 적정 사업기간을 위와 같이 산정합니다. 2024 년 월 일 한국대학스포츠협의회장 인 | 「소프트웨어사업 계약 및 관리감독에 관한 지침 」 제 10 조제 3 항에 따른 소프트웨어 개발사업의 적정 사업기간을 위와 같이 산정합니다. 2024 년 월 일 한국대학스포츠협의회장 인 | 「소프트웨어사업 계약 및 관리감독에 관한 지침 」 제 10 조제 3 항에 따른 소프트웨어 개발사업의 적정 사업기간을 위와 같이 산정합니다. 2024 년 월 일 한국대학스포츠협의회장 인 |\n ※ 「 소프트웨어사업 관리감독에 관한 일반기준 」 제 조 제 항에 따라 위원명 및 서명은 제외하고 종합\n산정서를 첨부합니다 또한 상기 내용은 사실과 다름이 없음을 확인합니다 - 80 -",
    "metadata": {
      "page": 80,
      "global_page": 80,
      "source_pdf": "(사）한국대학스포츠협의회_KUSF 체육특기자 경기기록 관리시스템 개발.pdf"
    }
  }
]